seed,suggestion,via
passive income ideas,what passive income ideas,question:what
passive income ideas,what are some passive income ideas,question:what
passive income ideas,what are good passive income ideas,question:what
passive income ideas,what are some passive income ideas in india,question:what
passive income ideas,what are some passive income ideas reddit,question:what
passive income ideas,what are some passive income ideas for beginners,question:what
passive income ideas,what are passive income streams,question:what
passive income ideas,what are passive income opportunities,question:what
passive income ideas,what are passive income streams for beginners,question:what
passive income ideas,what is passive income activities with controlled organizations,question:what
passive income ideas,how to make passive income ideas,question:how
passive income ideas,how to earn passive income ideas,question:how
passive income ideas,how many passive income streams should i have,question:how
passive income ideas,how many passive income streams are there,question:how
passive income ideas,list of passive income ideas,question:how
passive income ideas,what is the easiest way to make passive income,question:how
passive income ideas,how can i make some passive income,question:how
passive income ideas,ways to make passive income,question:how
passive income ideas,what is passive income ideas,question:is
passive income ideas,is it easy passive income ideas,question:is
passive income ideas,what is passive income streams,question:is
passive income ideas,what is passive income opportunities,question:is
passive income ideas,other passive income ideas,question:is
passive income ideas,what is the easiest passive income,question:is
passive income ideas,what are some passive income,question:is
passive income ideas,what does passive income.streams mean,question:does
passive income ideas,most effective ways to earn passive income,question:does
passive income ideas,passive income ideas australia,alphabet:a
passive income ideas,passive income ideas amazon,alphabet:a
passive income ideas,passive income ideas ai,alphabet:a
passive income ideas,passive income ideas at home,alphabet:a
passive income ideas,passive income ideas art,alphabet:a
passive income ideas,passive income ideas australia reddit,alphabet:a
passive income ideas,passive income ideas alberta,alphabet:a
passive income ideas,passive income ideas at 18,alphabet:a
passive income ideas,passive income ideas anyone can do,alphabet:a
passive income ideas,passive income streams australia,alphabet:a
passive income ideas,passive income ideas business,alphabet:b
passive income ideas,passive income ideas bangla,alphabet:b
passive income ideas,passive income ideas bangalore,alphabet:b
passive income ideas,passive income ideas book,alphabet:b
passive income ideas,passive income ideas book pdf,alphabet:b
passive income ideas,passive income ideas best,alphabet:b
passive income ideas,passive income ideas blog,alphabet:b
passive income ideas,passive income ideas bangladesh,alphabet:b
passive income ideas,passive income business ideas philippines,alphabet:b
passive income ideas,passive income business ideas in india,alphabet:b
passive income ideas,passive income ideas canada,alphabet:c
passive income ideas,passive income ideas college students,alphabet:c
passive income ideas,passive income ideas creative,alphabet:c
passive income ideas,passive income ideas canada 2025,alphabet:c
passive income ideas,passive income ideas chatgpt,alphabet:c
passive income ideas,passive income ideas canada reddit,alphabet:c
passive income ideas,passive income ideas canva,alphabet:c
passive income ideas,passive income ideas chennai,alphabet:c
passive income ideas,passive income ideas crypto,alphabet:c
passive income ideas,passive income ideas canada for beginners,alphabet:c
passive income ideas,passive income ideas digital products,alphabet:d
passive income ideas,passive income ideas dubai,alphabet:d
passive income ideas,passive income ideas digital,alphabet:d
passive income ideas,passive income ideas dropshipping,alphabet:d
passive income ideas,passive income ideas dave ramsey,alphabet:d
passive income ideas,passive income design ideas,alphabet:d
passive income ideas,passive income streams definition,alphabet:d
passive income ideas,passive income ideas for doctors,alphabet:d
passive income ideas,passive income ideas for developers,alphabet:d
passive income ideas,passive income ideas for dentists,alphabet:d
passive income ideas,passive income ideas etsy,alphabet:e
passive income ideas,passive income ideas easy,alphabet:e
passive income ideas,passive income ideas europe,alphabet:e
passive income ideas,passive income streams examples,alphabet:e
passive income ideas,passive income earning ideas,alphabet:e
passive income ideas,passive income ideas for engineers,alphabet:e
passive income ideas,passive income ideas real estate,alphabet:e
passive income ideas,passive income ideas for employees,alphabet:e
passive income ideas,passive income ideas for educators,alphabet:e
passive income ideas,passive income ideas in egypt,alphabet:e
passive income ideas,passive income ideas for beginners,alphabet:f
passive income ideas,passive income ideas for women,alphabet:f
passive income ideas,passive income ideas from home,alphabet:f
passive income ideas,passive income ideas for students,alphabet:f
passive income ideas,passive income ideas for nurses,alphabet:f
passive income ideas,passive income ideas for college students,alphabet:f
passive income ideas,passive income ideas for young adults,alphabet:f
passive income ideas,passive income ideas for therapists,alphabet:f
passive income ideas,passive income ideas for retirees,alphabet:f
passive income ideas,passive income ideas for h1b,alphabet:f
passive income ideas,passive income ideas germany,alphabet:g
passive income ideas,passive income ideas graphic designer,alphabet:g
passive income ideas,passive income ideas for girls,alphabet:g
passive income ideas,passive income generation ideas,alphabet:g
passive income ideas,passive income generation ideas in india,alphabet:g
passive income ideas,passive income ideas in ghana,alphabet:g
passive income ideas,passive income ideas for government employees,alphabet:g
passive income ideas,passive income generating activities,alphabet:g
passive income ideas,passive income ideas chat gpt,alphabet:g
passive income ideas,good passive income ideas,alphabet:g
passive income ideas,passive income ideas hindi,alphabet:h
passive income ideas,passive income ideas hong kong,alphabet:h
passive income ideas,passive income ideas halal,alphabet:h
passive income ideas,passive income ideas h1b,alphabet:h
passive income ideas,passive income ideas hyderabad,alphabet:h
passive income ideas,passive income ideas for housewives,alphabet:h
passive income ideas,7 passive income ideas how i make $2000+ per day,alphabet:h
passive income ideas,50 passive income ideas hindi,alphabet:h
passive income ideas,passive income ideas in hindi without investment,alphabet:h
passive income ideas,passive income ideas in india,alphabet:i
passive income ideas,passive income ideas in usa,alphabet:i
passive income ideas,passive income ideas in 2026,alphabet:i
passive income ideas,passive income ideas in hindi,alphabet:i
passive income ideas,passive income ideas in pakistan,alphabet:i
passive income ideas,passive income ideas in tamil,alphabet:i
passive income ideas,passive income ideas in kenya,alphabet:i
passive income ideas,passive income ideas in the philippines,alphabet:i
passive income ideas,passive income ideas in chennai,alphabet:i
passive income ideas,passive income ideas in india without investment,alphabet:i
passive income ideas,passive income ideas japan,alphabet:j
passive income ideas,passive income job ideas,alphabet:j
passive income ideas,passive income ideas in jamaica,alphabet:j
passive income ideas,passive income job opportunities,alphabet:j
passive income ideas,passive income ideas kenya,alphabet:k
passive income ideas,passive income ideas kannada,alphabet:k
passive income ideas,passive income ideas kerala,alphabet:k
passive income ideas,passive income ke ideas,alphabet:k
passive income ideas,passive income ideas for kids,alphabet:k
passive income ideas,passive income ideas in kolkata,alphabet:k
passive income ideas,passive income streams in kenya,alphabet:k
passive income ideas,passive income opportunities in kenya,alphabet:k
passive income ideas,best passive income ideas in kenya,alphabet:k
passive income ideas,passive income ideas like vending machines,alphabet:l
passive income ideas,passive income ideas list,alphabet:l
passive income ideas,passive income ideas low investment,alphabet:l
passive income ideas,passive income ideas laundromat,alphabet:l
passive income ideas,passive income ideas london,alphabet:l
passive income ideas,passive income ideas low startup cost,alphabet:l
passive income ideas,passive income ideas low cost,alphabet:l
passive income ideas,passive income streams low budget,alphabet:l
passive income ideas,passive income llc ideas,alphabet:l
passive income ideas,passive income streams lucrative,alphabet:l
passive income ideas,passive income ideas malaysia,alphabet:m
passive income ideas,passive income ideas meaning,alphabet:m
passive income ideas,passive income ideas malayalam,alphabet:m
passive income ideas,passive income ideas marathi,alphabet:m
passive income ideas,passive income ideas music,alphabet:m
passive income ideas,passive income ideas millionaire,alphabet:m
passive income ideas,passive income ideas meaning in hindi,alphabet:m
passive income ideas,passive income streams meaning,alphabet:m
passive income ideas,passive income making money while you sleep,alphabet:m
passive income ideas,passive income money ideas,alphabet:m
passive income ideas,passive income ideas nz,alphabet:n
passive income ideas,passive income ideas nz for beginners,alphabet:n
passive income ideas,passive income ideas no money,alphabet:n
passive income ideas,passive income ideas not online,alphabet:n
passive income ideas,passive income ideas near me,alphabet:n
passive income ideas,passive income ideas nyc,alphabet:n
passive income ideas,passive income ideas nz online,alphabet:n
passive income ideas,passive income ideas nigeria,alphabet:n
passive income ideas,passive income opportunities near me,alphabet:n
passive income ideas,passive income streams nz,alphabet:n
passive income ideas,passive income ideas ontario,alphabet:o
passive income ideas,passive income ideas offline,alphabet:o
passive income ideas,passive income ideas online 2025,alphabet:o
passive income ideas,passive income ideas on h1b,alphabet:o
passive income ideas,passive income ideas online reddit,alphabet:o
passive income ideas,passive income ideas other than real estate,alphabet:o
passive income ideas,passive income ideas on etsy,alphabet:o
passive income ideas,passive income streams online,alphabet:o
passive income ideas,passive income opportunities online,alphabet:o
passive income ideas,best passive income ideas online,alphabet:o
passive income ideas,passive income ideas philippines,alphabet:p
passive income ideas,passive income ideas pdf,alphabet:p
passive income ideas,passive income ideas philippines reddit,alphabet:p
passive income ideas,passive income ideas philippines for beginners,alphabet:p
passive income ideas,passive income ideas pinterest,alphabet:p
passive income ideas,passive income ideas pakistan,alphabet:p
passive income ideas,passive income ideas philippines 2026,alphabet:p
passive income ideas,passive income ideas philippines 2025,alphabet:p
passive income ideas,passive income product ideas,alphabet:p
passive income ideas,passive income project ideas,alphabet:p
passive income ideas,passive income ideas quora,alphabet:q
passive income ideas,passive income ideas in qatar,alphabet:q
passive income ideas,passive income ideas in india quora,alphabet:q
passive income ideas,quick passive income ideas,alphabet:q
passive income ideas,passive income easy ideas,alphabet:q
passive income ideas,passive income ideas reddit,alphabet:r
passive income ideas,passive income ideas reddit 2025,alphabet:r
passive income ideas,passive income ideas reddit ph,alphabet:r
passive income ideas,passive income ideas remote,alphabet:r
passive income ideas,passive income ideas reddit india,alphabet:r
passive income ideas,passive income ideas realistic,alphabet:r
passive income ideas,passive income ideas reddit 2026,alphabet:r
passive income ideas,passive income ideas reddit uk,alphabet:r
passive income ideas,passive income streams reddit,alphabet:r
passive income ideas,passive income ideas similar to vending machines,alphabet:s
passive income ideas,passive income ideas south africa,alphabet:s
passive income ideas,passive income ideas singapore,alphabet:s
passive income ideas,passive income ideas students,alphabet:s
passive income ideas,passive income ideas sitting at home,alphabet:s
passive income ideas,passive income ideas switzerland,alphabet:s
passive income ideas,passive income ideas stock market,alphabet:s
passive income ideas,passive income ideas social media,alphabet:s
passive income ideas,passive income ideas south africa for beginners,alphabet:s
passive income ideas,passive income ideas software,alphabet:s
passive income ideas,passive income ideas that actually work,alphabet:t
passive income ideas,passive income ideas to make money,alphabet:t
passive income ideas,passive income ideas that you can start with zero money,alphabet:t
passive income ideas,passive income ideas tamil,alphabet:t
passive income ideas,passive income ideas trinidad,alphabet:t
passive income ideas,passive income ideas telugu,alphabet:t
passive income ideas,passive income ideas that actually work in 2025,alphabet:t
passive income ideas,passive income ideas teens,alphabet:t
passive income ideas,passive income ideas that work in india,alphabet:t
passive income ideas,passive income ideas to make money while you sleep,alphabet:t
passive income ideas,passive income ideas using ai,alphabet:u
passive income ideas,passive income ideas uk,alphabet:u
passive income ideas,passive income ideas uk for beginners,alphabet:u
passive income ideas,passive income ideas uk with little money,alphabet:u
passive income ideas,passive income ideas uk 2025,alphabet:u
passive income ideas,passive income ideas usa,alphabet:u
passive income ideas,passive income ideas uk reddit,alphabet:u
passive income ideas,passive income ideas under 10k,alphabet:u
passive income ideas,passive income ideas uae,alphabet:u
passive income ideas,passive income ideas using chatgpt,alphabet:u
passive income ideas,passive income ideas vending machine,alphabet:v
passive income ideas,passive income ideas video,alphabet:v
passive income ideas,passive income ideas in village,alphabet:v
passive income ideas,passive income ideas with little money,alphabet:w
passive income ideas,passive income ideas with no money,alphabet:w
passive income ideas,passive income ideas with ai,alphabet:w
passive income ideas,passive income ideas with low investment,alphabet:w
passive income ideas,passive income ideas without investment,alphabet:w
passive income ideas,passive income ideas with 50k,alphabet:w
passive income ideas,passive income ideas with land,alphabet:w
passive income ideas,passive income ideas while working full time,alphabet:w
passive income ideas,passive income ideas work from home,alphabet:w
passive income ideas,passive income ideas with zero investment,alphabet:w
passive income ideas,passive income ideas 2025,alphabet:y
passive income ideas,passive income ideas 2026,alphabet:y
passive income ideas,passive income ideas zimbabwe,alphabet:z
passive income ideas,easy passive income ideas,alphabet:z
